{
  "main": {
    "id": "284da8377dc84c34",
    "type": "split",
    "children": [
      {
        "id": "a39888f9db585132",
        "type": "tabs",
        "children": [
          {
            "id": "43bfe6dac8bf984e",
            "type": "leaf",
            "state": {
              "type": "markdown",
              "state": {
                "file": "01_Report/5 Problem Matrix Transfers & DeFi.md",
                "mode": "source",
                "source": false
              },
              "icon": "lucide-file",
              "title": "5 Problem Matrix Transfers & DeFi"
            }
          },
          {
            "id": "e353d85ec649b7d7",
            "type": "leaf",
            "state": {
              "type": "markdown",
              "state": {
                "file": "01_Report/5 Problem Matrix Transfers & DeFi.md",
                "mode": "source",
                "source": false
              },
              "icon": "lucide-file",
              "title": "5 Problem Matrix Transfers & DeFi"
            }
          },
          {
            "id": "5c95a19bcef7d91b",
            "type": "leaf",
            "state": {
              "type": "markdown",
              "state": {
                "file": "Overview – DeFi (Private Writes).md",
                "mode": "source",
                "source": false
              },
              "icon": "lucide-file",
              "title": "Overview – DeFi (Private Writes)"
            }
          }
        ],
        "currentTab": 2
      }
    ],
    "direction": "vertical"
  },
  "left": {
    "id": "e15a2c8d1356e778",
    "type": "split",
    "children": [
      {
        "id": "6579ca668807231e",
        "type": "tabs",
        "children": [
          {
            "id": "31d0c2318e6d6c5f",
            "type": "leaf",
            "state": {
              "type": "file-explorer",
              "state": {
                "sortOrder": "alphabetical",
                "autoReveal": false
              },
              "icon": "lucide-folder-closed",
              "title": "Files"
            }
          },
          {
            "id": "8146f9163bbe8da6",
            "type": "leaf",
            "state": {
              "type": "search",
              "state": {
                "query": "",
                "matchingCase": false,
                "explainSearch": false,
                "collapseAll": false,
                "extraContext": false,
                "sortOrder": "alphabetical"
              },
              "icon": "lucide-search",
              "title": "Search"
            }
          },
          {
            "id": "4bac51e8e3b18e97",
            "type": "leaf",
            "state": {
              "type": "bookmarks",
              "state": {},
              "icon": "lucide-bookmark",
              "title": "Bookmarks"
            }
          }
        ]
      }
    ],
    "direction": "horizontal",
    "width": 300
  },
  "right": {
    "id": "17ffd4417d2156a5",
    "type": "split",
    "children": [
      {
        "id": "40e255ec8aba826c",
        "type": "tabs",
        "children": [
          {
            "id": "4e527a048098acd7",
            "type": "leaf",
            "state": {
              "type": "backlink",
              "state": {
                "collapseAll": false,
                "extraContext": false,
                "sortOrder": "alphabetical",
                "showSearch": false,
                "searchQuery": "",
                "backlinkCollapsed": false,
                "unlinkedCollapsed": true
              },
              "icon": "links-coming-in",
              "title": "Backlinks"
            }
          },
          {
            "id": "d917a04b3e33b9aa",
            "type": "leaf",
            "state": {
              "type": "outgoing-link",
              "state": {
                "linksCollapsed": false,
                "unlinkedCollapsed": true
              },
              "icon": "links-going-out",
              "title": "Outgoing links"
            }
          },
          {
            "id": "ab089ff8f2aadd99",
            "type": "leaf",
            "state": {
              "type": "tag",
              "state": {
                "sortOrder": "frequency",
                "useHierarchy": true,
                "showSearch": false,
                "searchQuery": ""
              },
              "icon": "lucide-tags",
              "title": "Tags"
            }
          },
          {
            "id": "0b0d3b3c1972774c",
            "type": "leaf",
            "state": {
              "type": "all-properties",
              "state": {
                "sortOrder": "frequency",
                "showSearch": false,
                "searchQuery": ""
              },
              "icon": "lucide-archive",
              "title": "All properties"
            }
          },
          {
            "id": "9bfd6cd66f6af7f9",
            "type": "leaf",
            "state": {
              "type": "outline",
              "state": {
                "followCursor": false,
                "showSearch": false,
                "searchQuery": ""
              },
              "icon": "lucide-list",
              "title": "Outline"
            }
          }
        ]
      }
    ],
    "direction": "horizontal",
    "width": 300,
    "collapsed": true
  },
  "left-ribbon": {
    "hiddenItems": {
      "switcher:Open quick switcher": false,
      "graph:Open graph view": false,
      "canvas:Create new canvas": false,
      "daily-notes:Open today's daily note": false,
      "templates:Insert template": false,
      "command-palette:Open command palette": false,
      "bases:Create new base": false
    }
  },
  "active": "31d0c2318e6d6c5f",
  "lastOpenFiles": [
    "Archive.zip",
    "Artifacts/DeFi – What I Took From Transfers.md",
    "Artifacts/Additional Problems — DeFi.md",
    "01_Report/Synthesis for PhaseB.md",
    "01_Report/5 Problem Matrix Transfers & DeFi.md",
    "01_Report/4 Open Problems – DeFi.md",
    "01_Report/3 Ecosystem Snapshot – DeFi.md",
    "01_Report/2 Mechanisms & Patterns in DeFi.md",
    "01_Report/1 Definitions, Scope & Boundaries.md",
    "03_Pattern Observations – DeFi.md",
    "Overview – DeFi (Private Writes).md",
    "Artifacts/Project List – DeFi.md",
    "Todo.md",
    "10_Cross-Domain_Private_Writes/DeFi Problem Crosswalk – Open Problems to P01–P19.md",
    "Artifacts/Problems.md",
    "Artifacts/02_Project_List – DeFi 1.md",
    "03_DeFi",
    "Artifacts",
    "6 Cross-Pattern Problems.md"
  ]
}